[
    {
        "Apellidos y Nombres": " 3",
        "Tipo": "Docente",
        "Correo Institucional": " d",
        "Direccion": " 8",
        "Facultad": " g",
        "Curso": " f",
        "Fecha de Nacimiento": " 5",
        "DNI": "1 ",
        "Sexo": " f",
        "Salario": " a"
    },
    {
        "Apellidos y Nombres": " 6",
        "Tipo": "Docente",
        "Correo Institucional": " d",
        "Direccion": " 8",
        "Facultad": " g",
        "Curso": " f",
        "Fecha de Nacimiento": " 5",
        "DNI": "1 ",
        "Sexo": " f",
        "Salario": " a"
    }
]